Gene,Max_logExp,Threshold
AANAT,0.8978568280800001,0.08978568280800002
ADCYAP1,1.620235851808692,0.1620235851808692
ADIPOQ,2.6221569442719943,0.26221569442719944
ADM,1.3822410809260561,0.13822410809260563
AGRP,0.2978368383037905,0.02978368383037905
AGT,2.7993184534151747,0.2799318453415175
AKR1C3,2.691516682151348,0.2691516682151348
AMH,0.47914842034537874,0.04791484203453788
ANGPTL3,1.3195501666106146,0.13195501666106146
ANGPTL4,2.268530481834004,0.2268530481834004
ANGPTL8,0.6858947081072937,0.06858947081072937
APLN,0.2749294463734126,0.02749294463734126
ASIP,0.6689108776746203,0.06689108776746204
ASMT,0.988286542754061,0.0988286542754061
AVP,4.65914629660462,0.465914629660462
BDNF,1.6608882242764964,0.16608882242764966
BGLAP,0.03660687967968484,0.003660687967968484
C1QTNF12,0.4393305220410328,0.04393305220410328
C1QTNF9,0.5500663254662506,0.05500663254662506
C3,3.365958238550327,0.3365958238550327
CALCA,0.5904593555481131,0.059045935554811316
CALCB,1.9674120922314862,0.19674120922314864
CARTPT,3.7509577814270094,0.37509577814270095
CCK,3.9909569038644914,0.39909569038644915
CFD,4.074450456576374,0.4074450456576374
CGA,4.250162594860058,0.4250162594860058
CORIN,1.5014694961595219,0.1501469496159522
CORT,1.5153937123290842,0.15153937123290842
CRH,3.0125399793550276,0.3012539979355028
CYB5A,2.4897697291999945,0.24897697291999946
CYP11A1,3.439672488811697,0.34396724888116975
CYP11B1,3.8368795371736026,0.3836879537173603
CYP11B2,2.28994566679423,0.228994566679423
CYP17A1,1.9909118925727995,0.19909118925727998
CYP19A1,0.5885032994358281,0.058850329943582816
CYP21A2,1.9867437156350343,0.19867437156350343
CYP27B1,0.1524874534683491,0.01524874534683491
DBH,1.0219901194969374,0.10219901194969375
DDC,1.2147029828613312,0.12147029828613312
DUOX2,0.9770068181709444,0.09770068181709445
ECRG4,1.2988015215847073,0.12988015215847074
EDN1,1.311714091160571,0.1311714091160571
EDN3,2.6976221093307506,0.26976221093307506
ENHO,1.2303968129834864,0.12303968129834864
FBN1,3.3275493729626167,0.3327549372962617
FDX1,3.566407957783321,0.35664079577833213
FDXR,1.719832469381077,0.1719832469381077
FGF21,0.1781165524119095,0.01781165524119095
FGF23,0.11850098890858363,0.011850098890858363
FNDC5,0.8611414131714344,0.08611414131714346
FSHB,3.1634534045515696,0.316345340455157
FST,1.1390792676876558,0.11390792676876559
FSTL1,2.4711159679351606,0.24711159679351608
GAL,3.1331452174319487,0.3133145217431949
GAST,0.032153317509785,0.0032153317509785
GCG,6.830955352393685,0.6830955352393686
GDF15,1.7517741583272033,0.17517741583272034
GH2,0.3584430380651907,0.03584430380651907
GHRH,1.179078435675741,0.11790784356757411
GHRL,0.38123250947612386,0.03812325094761239
GIP,0.1816253908248755,0.01816253908248755
GNRH1,0.4250548633059123,0.04250548633059123
GNRH2,0.03214765563548466,0.003214765563548466
GRP,0.9981111084015152,0.09981111084015153
GUCA2A,1.2410742921044762,0.12410742921044762
GUCA2B,0.8616008736894337,0.08616008736894337
HAMP,1.952180967305799,0.1952180967305799
HCRT,3.034411352209574,0.3034411352209574
HDC,3.5558487040579827,0.3555848704057983
HSD17B1,0.17862479128510406,0.017862479128510408
HSD17B3,0.7378853270595298,0.07378853270595298
HSD3B1,0.030216794407099925,0.0030216794407099926
HSD3B2,2.159447457564474,0.2159447457564474
IAPP,4.011365560335014,0.4011365560335014
IGF1,2.6324948301332585,0.26324948301332585
IGF2,1.9932972442039785,0.19932972442039787
INHA,0.4184820260599862,0.04184820260599862
INHBA,2.48779345106548,0.248779345106548
INHBB,0.8818983745039564,0.08818983745039564
INHBE,0.3473227669552467,0.03473227669552467
INS,8.190991181180692,0.8190991181180692
INSL3,0.0593726156567524,0.00593726156567524
INSL6,0.5149549265554965,0.051495492655549646
ITLN1,3.6320188178152697,0.363201881781527
KISS1,0.4614230117861165,0.04614230117861165
KNG1,2.4678615499838044,0.24678615499838044
LCN2,2.845224340860211,0.2845224340860211
LEP,1.1246604448255837,0.11246604448255837
LHB,3.7132780420752156,0.3713278042075216
MSTN,0.2918074890399999,0.029180748903999992
NAMPT,4.144052766841199,0.4144052766841199
NMB,0.3362799926933582,0.033627999269335816
NMU,1.0263557771005207,0.10263557771005208
NPB,0.3170881377465055,0.031708813774650554
NPFF,0.2287390491400203,0.02287390491400203
NPPA,4.304224909478317,0.43042249094783175
NPPB,2.3613915018136105,0.23613915018136106
NPPC,1.4309323738918907,0.14309323738918908
NPVF,0.9164197352799999,0.09164197352799999
NPW,0.8022066250000001,0.08022066250000001
NPY,4.380413858379111,0.4380413858379111
NTS,2.425063322373142,0.24250633223731421
OSTN,0.5774085519704896,0.05774085519704896
OXT,4.243679244387383,0.4243679244387384
PCSK1,1.6180342661223759,0.1618034266122376
PCSK2,2.6177522115242615,0.2617752211524262
PDYN,0.4333437915339508,0.04333437915339508
PENK,2.7652768472667706,0.27652768472667705
PMCH,5.094013651934329,0.5094013651934329
PNMT,1.0676216133692766,0.10676216133692767
PNOC,1.009662700579705,0.1009662700579705
POMC,6.673086611284523,0.6673086611284523
PPY,4.568603210988857,0.45686032109888575
PRL,5.9506834611365065,0.5950683461136507
PROK1,0.3406924155363094,0.03406924155363094
PROK2,1.8054466020222941,0.18054466020222942
PRXL2B,0.4731463264602205,0.04731463264602205
PTGDS,4.010628377595978,0.40106283775959783
PTGES,0.4146356246015206,0.041463562460152065
PTGIS,2.6595390986999985,0.26595390986999984
PTGS1,1.6549029609055887,0.16549029609055887
PTGS2,2.246660842733913,0.22466608427339133
PTH,0.16124610324062705,0.016124610324062705
PTHLH,1.1583101744705673,0.11583101744705673
PYY,1.059372019488381,0.1059372019488381
RARRES2,2.119844656889973,0.21198446568899731
RBP4,3.6365788204231047,0.3636578820423105
RETN,1.0188772596497253,0.10188772596497253
RLN2,0.09131944308240131,0.00913194430824013
SCT,0.41465180142852825,0.04146518014285283
SLC18A1,1.2701576185716332,0.12701576185716332
SLC18A2,2.5662824011364505,0.25662824011364505
SLC26A4,2.8806520817934542,0.28806520817934544
SLC5A5,1.5426915129625767,0.15426915129625768
SOST,0.7557218228370091,0.07557218228370091
SPX,0.4113399382,0.04113399382
SST,7.087730680502458,0.7087730680502458
STAR,2.420252897342704,0.24202528973427043
TAC1,3.337777855567327,0.33377778555673276
TAC3,1.9472566084215273,0.19472566084215273
TBXAS1,3.436316472768432,0.34363164727684326
TG,1.769027250077502,0.1769027250077502
TH,1.7208107781705955,0.17208107781705956
THPO,0.13304721068916672,0.013304721068916673
TOR2A,0.26179756997378484,0.026179756997378484
TPH1,1.2517787039053405,0.12517787039053405
TPH2,0.8300381380416981,0.08300381380416982
TPO,2.615514092894154,0.2615514092894154
TRH,2.6291701604072544,0.2629170160407254
UCN,0.19031569674052906,0.01903156967405291
UCN3,0.13384957336782177,0.013384957336782178
UTS2,0.43314584653844446,0.04331458465384445
UTS2B,0.56303207908167,0.056303207908167
VIP,4.221006091900964,0.42210060919009645
